{"episode_rewards": [0.39879999999999993, 0.0, 0.0, 0.0, 0.0, 0.0, 0.0, 0.0, 0.0, 0.0, 0.0, 0.0, 0.0, 0.0, 0.0, 0.0, 0.0, 0.0, 0.8812, 0.0, 0.0, 0.0, 0.0, 0.0, 0.0, 0.0, 0.0, 0.0, 0.0, 0.0, 0.0, 0.0, 0.0, 0.0, 0.0, 0.0, 0.0, 0.0, 0.0, 0.0, 0.0, 0.0, 0.0, 0.8416, 0.0, 0.0, 0.0, 0.0, 0.0, 0.0, 0.0, 0.0, 0.9244, 0.0, 0.0, 0.0, 0.0, 0.0, 0.0, 0.0, 0.0, 0.0, 0.0, 0.0, 0.0, 0.0, 0.0, 0.0, 0.0, 0.0, 0.0, 0.8416, 0.0, 0.0, 0.8128, 0.0, 0.0, 0.0, 0.0, 0.0, 0.784, 0.9568, 0.8488, 0.0, 0.0, 0.0, 0.0, 0.0, 0.946, 0.9604, 0.9568, 0.9532, 0.0, 0.0, 0.0, 0.964, 0.8092, 0.0, 0.0, 0.0, 0.7408, 0.8488, 0.8812, 0.0, 0.8668, 0.0, 0.0, 0.0, 0.8632, 0.8668, 0.9496, 0.9352, 0.9352, 0.9496, 0.9532, 0.9532, 0.0, 0.946, 0.5356, 0.0, 0.964, 0.55, 0.9604, 0.964, 0.9352, 0.9496, 0.9424, 0.946, 0.964, 0.8308, 0.0, 0.9712, 0.0, 0.9352, 0.964, 0.8236, 0.8704000000000001, 0.0, 0.9136, 0.0, 0.9604, 0.8271999999999999, 0.7767999999999999, 0.964, 0.964, 0.0, 0.9532, 0.9172, 0.6759999999999999, 0.9676, 0.8452, 0.9388, 0.9712, 0.7408, 0.9208000000000001, 0.9532, 0.9676, 0.0, 0.9244, 0.946, 0.9424, 0.964, 0.0, 0.9064, 0.9172, 0.964, 0.0, 0.0, 0.9712, 0.9712, 0.0, 0.0, 0.9604, 0.7876, 0.964, 0.9172, 0.964, 0.9676, 0.8452, 0.9604, 0.964, 0.9604, 0.8992, 0.9568, 0.9028, 0.9388, 0.9028, 0.892, 0.9568, 0.9532, 0.9568, 0.9604, 0.0, 0.8956, 0.8632, 0.9316, 0.14680000000000004, 0.9568, 0.7804, 0.9352, 0.9604, 0.9604, 0.9316, 0.892, 0.9532, 0.9604, 0.0, 0.9532, 0.9676, 0.9424, 0.9712, 0.7948, 0.7515999999999999, 0.964, 0.9604, 0.9676, 0.9568, 0.9712, 0.964, 0.8848, 0.964, 0.9676, 0.9712, 0.9712, 0.9712, 0.9604, 0.9604, 0.0, 0.9712, 0.9676, 0.964, 0.9712, 0.9604, 0.9748, 0.9568, 0.9604, 0.9676, 0.9712, 0.9712, 0.9676, 0.9748, 0.9676, 0.9712, 0.9568, 0.9604, 0.9028, 0.838, 0.9748, 0.9712, 0.9424, 0.9352, 0.7948, 0.9748, 0.838, 0.9748, 0.9064, 0.9532, 0.7552, 0.9568, 0.91, 0.9064, 0.9568, 0.9676, 0.0, 0.9172, 0.856, 0.9712, 0.9604, 0.9279999999999999, 0.8812, 0.9676, 0.9676, 0.9568, 0.9244, 0.9028, 0.964, 0.9712, 0.6832, 0.9388, 0.9676, 0.9676, 0.6004, 0.874, 0.8992, 0.9676, 0.9676, 0.9712, 0.946, 0.7192000000000001, 0.9676, 0.964, 0.9568, 0.9712, 0.9352, 0.9064, 0.6868000000000001, 0.9712, 0.964, 0.964, 0.9712], "step_counts": [167.0, 250.0, 250.0, 250.0, 250.0, 250.0, 250.0, 250.0, 250.0, 250.0, 250.0, 250.0, 250.0, 250.0, 250.0, 250.0, 250.0, 250.0, 33.0, 250.0, 250.0, 250.0, 250.0, 250.0, 250.0, 250.0, 250.0, 250.0, 250.0, 250.0, 250.0, 250.0, 250.0, 250.0, 250.0, 250.0, 250.0, 250.0, 250.0, 250.0, 250.0, 250.0, 250.0, 44.0, 250.0, 250.0, 250.0, 250.0, 250.0, 250.0, 250.0, 250.0, 21.0, 250.0, 250.0, 250.0, 250.0, 250.0, 250.0, 250.0, 250.0, 250.0, 250.0, 250.0, 250.0, 250.0, 250.0, 250.0, 250.0, 250.0, 250.0, 44.0, 250.0, 250.0, 52.0, 250.0, 250.0, 250.0, 250.0, 250.0, 60.0, 12.0, 42.0, 250.0, 250.0, 250.0, 250.0, 250.0, 15.0, 11.0, 12.0, 13.0, 250.0, 250.0, 250.0, 10.0, 53.0, 250.0, 250.0, 250.0, 72.0, 42.0, 33.0, 250.0, 37.0, 250.0, 250.0, 250.0, 38.0, 37.0, 14.0, 18.0, 18.0, 14.0, 13.0, 13.0, 250.0, 15.0, 129.0, 250.0, 10.0, 125.0, 11.0, 10.0, 18.0, 14.0, 16.0, 15.0, 10.0, 47.0, 250.0, 8.0, 250.0, 18.0, 10.0, 49.0, 36.0, 250.0, 24.0, 250.0, 11.0, 48.0, 62.0, 10.0, 10.0, 250.0, 13.0, 23.0, 90.0, 9.0, 43.0, 17.0, 8.0, 72.0, 22.0, 13.0, 9.0, 250.0, 21.0, 15.0, 16.0, 10.0, 250.0, 26.0, 23.0, 10.0, 250.0, 250.0, 8.0, 8.0, 250.0, 250.0, 11.0, 59.0, 10.0, 23.0, 10.0, 9.0, 43.0, 11.0, 10.0, 11.0, 28.0, 12.0, 27.0, 17.0, 27.0, 30.0, 12.0, 13.0, 12.0, 11.0, 250.0, 29.0, 38.0, 19.0, 237.0, 12.0, 61.0, 18.0, 11.0, 11.0, 19.0, 30.0, 13.0, 11.0, 250.0, 13.0, 9.0, 16.0, 8.0, 57.0, 69.0, 10.0, 11.0, 9.0, 12.0, 8.0, 10.0, 32.0, 10.0, 9.0, 8.0, 8.0, 8.0, 11.0, 11.0, 250.0, 8.0, 9.0, 10.0, 8.0, 11.0, 7.0, 12.0, 11.0, 9.0, 8.0, 8.0, 9.0, 7.0, 9.0, 8.0, 12.0, 11.0, 27.0, 45.0, 7.0, 8.0, 16.0, 18.0, 57.0, 7.0, 45.0, 7.0, 26.0, 13.0, 68.0, 12.0, 25.0, 26.0, 12.0, 9.0, 250.0, 23.0, 40.0, 8.0, 11.0, 20.0, 33.0, 9.0, 9.0, 12.0, 21.0, 27.0, 10.0, 8.0, 88.0, 17.0, 9.0, 9.0, 111.0, 35.0, 28.0, 9.0, 9.0, 8.0, 15.0, 78.0, 9.0, 10.0, 12.0, 8.0, 18.0, 26.0, 87.0, 8.0, 10.0, 10.0, 8.0], "episode_rewards_moving_avg": [0.39879999999999993, 0.19939999999999997, 0.13293333333333332, 0.09969999999999998, 0.07975999999999998, 0.0, 0.0, 0.0, 0.0, 0.0, 0.0, 0.0, 0.0, 0.0, 0.0, 0.0, 0.0, 0.0, 0.17624, 0.17624, 0.17624, 0.17624, 0.17624, 0.0, 0.0, 0.0, 0.0, 0.0, 0.0, 0.0, 0.0, 0.0, 0.0, 0.0, 0.0, 0.0, 0.0, 0.0, 0.0, 0.0, 0.0, 0.0, 0.0, 0.16832, 0.16832, 0.16832, 0.16832, 0.16832, 0.0, 0.0, 0.0, 0.0, 0.18488, 0.18488, 0.18488, 0.18488, 0.18488, 0.0, 0.0, 0.0, 0.0, 0.0, 0.0, 0.0, 0.0, 0.0, 0.0, 0.0, 0.0, 0.0, 0.0, 0.16832, 0.16832, 0.16832, 0.33087999999999995, 0.33087999999999995, 0.16255999999999998, 0.16255999999999998, 0.16255999999999998, 0.0, 0.1568, 0.34816, 0.5179199999999999, 0.5179199999999999, 0.5179199999999999, 0.36112, 0.16976, 0.0, 0.18919999999999998, 0.38128, 0.57264, 0.76328, 0.76328, 0.57408, 0.382, 0.38344, 0.35464, 0.35464, 0.35464, 0.35464, 0.31, 0.31792, 0.49415999999999993, 0.49415999999999993, 0.6675199999999999, 0.51936, 0.3496, 0.17336000000000001, 0.346, 0.346, 0.53592, 0.7229599999999999, 0.9099999999999999, 0.92728, 0.9445600000000001, 0.94528, 0.75824, 0.7604, 0.6776000000000001, 0.48696, 0.48911999999999994, 0.5991199999999999, 0.602, 0.6876800000000001, 0.8747199999999999, 0.8718400000000001, 0.9503199999999999, 0.94744, 0.94744, 0.9265599999999999, 0.73664, 0.7424000000000001, 0.5532, 0.54744, 0.57408, 0.7388, 0.71864, 0.71864, 0.7143200000000001, 0.52152, 0.54888, 0.54024, 0.6956, 0.70568, 0.89848, 0.7063999999999999, 0.7315999999999999, 0.75968, 0.7020799999999999, 0.7028000000000001, 0.8718400000000001, 0.8689599999999998, 0.8797599999999999, 0.89272, 0.88336, 0.90496, 0.9107200000000001, 0.71648, 0.7532, 0.75824, 0.7560800000000001, 0.75536, 0.75536, 0.75176, 0.7460000000000001, 0.7503200000000001, 0.55752, 0.55752, 0.57048, 0.58128, 0.38848, 0.38848, 0.58056, 0.54384, 0.5424, 0.72584, 0.9186399999999999, 0.9200800000000001, 0.9316000000000001, 0.9308799999999999, 0.94024, 0.9395200000000001, 0.92584, 0.94816, 0.9366399999999999, 0.9315999999999999, 0.9200800000000001, 0.9186400000000001, 0.9186400000000001, 0.92872, 0.93232, 0.94384, 0.76544, 0.7532, 0.7352000000000001, 0.7301599999999999, 0.56744, 0.7588, 0.73576, 0.7501599999999999, 0.75592, 0.9186400000000001, 0.9136, 0.93592, 0.9395200000000001, 0.9395199999999999, 0.7474399999999999, 0.75176, 0.7668800000000001, 0.7647200000000001, 0.76688, 0.92584, 0.88552, 0.8847999999999999, 0.8884000000000001, 0.8876799999999999, 0.9200799999999999, 0.9639999999999999, 0.9640000000000001, 0.94888, 0.94816, 0.9503199999999999, 0.9503199999999999, 0.9517599999999999, 0.96904, 0.9683200000000001, 0.96688, 0.77264, 0.77264, 0.7719199999999999, 0.77264, 0.7748, 0.9668800000000001, 0.9676, 0.9654400000000001, 0.96472, 0.9640000000000001, 0.96616, 0.9654400000000001, 0.9676, 0.97048, 0.97048, 0.97048, 0.9676, 0.96616, 0.9517599999999999, 0.92584, 0.92656, 0.9294399999999999, 0.92584, 0.93232, 0.9236799999999998, 0.9236799999999998, 0.89704, 0.90352, 0.8977600000000001, 0.9294399999999999, 0.88552, 0.9092800000000001, 0.8963199999999999, 0.89632, 0.89704, 0.9395199999999999, 0.74816, 0.7496, 0.73952, 0.7424000000000001, 0.7409600000000001, 0.9265599999999999, 0.91936, 0.9416800000000001, 0.9409599999999999, 0.94024, 0.9395199999999999, 0.94384, 0.9431200000000001, 0.94384, 0.8891199999999999, 0.892, 0.9049600000000002, 0.9056799999999999, 0.83152, 0.86968, 0.86176, 0.86176, 0.86176, 0.93592, 0.9503199999999999, 0.91432, 0.91432, 0.9136, 0.9107200000000001, 0.91576, 0.95896, 0.94672, 0.8912800000000001, 0.89416, 0.8927200000000001, 0.89848, 0.91144],